epoch,train_loss
1,0.026796135090359465
2,0.018507112261489832
3,0.017561846327762986
4,0.017124742607213344
5,0.017034299167227786
6,0.01656270315106045
7,0.016724757278845682
8,0.016181975974783113
9,0.016030631226698785
10,0.01581769816772832
11,0.015616864076430061
12,0.01527111886224222
13,0.01518244874645598
14,0.014720499881903217
15,0.014513986926428133
16,0.01436336270768191
17,0.014241671757804423
18,0.014255346099558279
19,0.01398776955966293
20,0.013961646685688974
