epoch,train_loss
1,0.01996236933782483
2,0.01837332900413262
3,0.017632765978521342
4,0.017424648154967574
5,0.017140082964226335
6,0.016777038745128127
7,0.016436579519061634
8,0.01627092737851391
9,0.01602312744625153
10,0.015992512820976183
11,0.015522422369128914
12,0.015322681135868514
13,0.015186188201750479
14,0.01479757796792734
15,0.014581556168241312
16,0.014338634293326127
17,0.014174610564625392
18,0.013940466284137686
19,0.01348173098378284
20,0.01347612217602764
