epoch,train_loss
1,0.02232057992432653
2,0.018391325691780723
3,0.01782385656183231
4,0.01772069359281044
5,0.017382952762701832
6,0.017158829615565023
7,0.016983335018965033
8,0.01681301244954019
9,0.016616515738798247
10,0.016347101464774142
11,0.016145356035575764
12,0.01599454005039642
13,0.015797859217075286
14,0.015568729427387193
15,0.015623768340231279
16,0.01519675848914253
17,0.014968986284229883
18,0.014794258383806783
19,0.014444694055739192
20,0.014227637098284444
