epoch,train_loss
1,0.019197044962863556
2,0.01822263544899375
3,0.017628375508932658
4,0.01751696002339163
5,0.017249578863088588
6,0.0172520514524218
7,0.01677500174971678
8,0.016431096015251025
9,0.016237284411345757
10,0.015922764173331654
11,0.015668713539758676
12,0.015668023043849563
13,0.015400440050923269
14,0.015255003888493797
15,0.014972219119469325
16,0.014831517385752824
17,0.014724611950951452
18,0.014558109530251086
19,0.014318002454642754
20,0.014081044632634382
