epoch,train_loss
1,0.0259498273843639
2,0.023935701986474375
3,0.02329103991816548
4,0.022924405391124416
5,0.022865854912707883
6,0.022818710708383164
7,0.02275293760041716
8,0.022583181225431008
9,0.022650111945993583
10,0.022737118217252914
11,0.022580638236790147
12,0.0226434553622879
13,0.022523050098329462
14,0.022590028722920725
15,0.02263506689646338
16,0.02247985966543677
17,0.02246742942854495
18,0.022445018100802617
19,0.02241028080223709
20,0.022469680398488984
