epoch,train_loss
1,0.02537886046527321
2,0.02258177744511392
3,0.021729806155612014
4,0.021301212101461135
5,0.02140152662091951
6,0.02126024105291954
7,0.02112783674265395
8,0.021022904345695623
9,0.021072275371650743
10,0.021069413904810035
11,0.020884349394245594
12,0.020900108228132826
13,0.020913213177105178
14,0.020855642088445727
15,0.020849636061374043
16,0.02076092028954282
17,0.020705873172139767
18,0.020679493702336415
19,0.020693899819387407
20,0.020728614890656968
