epoch,train_loss
1,0.00780029392610955
2,0.007444497904369748
3,0.007132418460703345
4,0.006829090822007387
5,0.006912932391729086
6,0.00668305150136405
7,0.006511386233218361
8,0.00626471149384655
9,0.006028523128212673
10,0.005931506199448446
11,0.005896813400744003
12,0.0059199787516106845
13,0.005455459737449243
14,0.005337150516422418
15,0.004990318666569435
16,0.00476856201446505
17,0.004644423503241765
18,0.004267620860588967
19,0.00388776396875233
20,0.0037433263915841297
