epoch,train_loss
1,0.008314887178528676
2,0.006907896618725161
3,0.006671065378067601
4,0.006425491190635458
5,0.006103267468949578
6,0.0059495620692877295
7,0.005912709851115262
8,0.005627445289344785
9,0.005386974986699944
10,0.005283056828963274
11,0.004976949049478467
12,0.004878631120753669
13,0.004621480857080513
14,0.004409984545835305
15,0.004246379564194478
16,0.004050474601692627
17,0.003864210688093828
18,0.003808293719388366
19,0.0035695207051448566
20,0.003235050010364269
