epoch,train_loss
1,0.024223347846752428
2,0.02215605427621193
3,0.021672676080390543
4,0.021492180254937928
5,0.021045317316568026
6,0.020566834847185776
7,0.02048404787176399
8,0.020161817748914054
9,0.020208235725920686
10,0.019305776377412154
11,0.018480107715640445
12,0.01763444925761885
13,0.01639390925152434
14,0.015034679865538006
15,0.014156817236254293
16,0.013240170808622487
17,0.012365028108586975
18,0.011194200747676434
19,0.010348034290910621
20,0.009644914673487773
