epoch,train_loss
1,0.023127532275026418
2,0.0228625422310231
3,0.02287961922946476
4,0.022694780037982063
5,0.02268380855867726
6,0.022662368056941846
7,0.02252634179955315
8,0.022395829243525383
9,0.022453125207067392
10,0.0223164027149532
11,0.02231631481946583
12,0.02230942338891995
13,0.022155605414114547
14,0.02205158744447975
15,0.022023599075427194
16,0.022004079769322095
17,0.021732314396315792
18,0.02181234195107414
19,0.021741658263576075
20,0.021525518670945185
