epoch,train_loss
1,0.02152448744771146
2,0.020631976209011697
3,0.02010179511531593
4,0.01972007796172575
5,0.01929593127870777
6,0.018783893385220282
7,0.0184596984890399
8,0.01788369997350357
9,0.017553571242087243
10,0.016802870813956827
11,0.015262256379631118
12,0.014577637089919744
13,0.013218829786339127
14,0.012836697361641218
15,0.013777731571605636
16,0.012745966446695333
17,0.011545095857160598
18,0.011156265201214849
19,0.011120560892274605
20,0.010125925441611316
