epoch,train_loss
1,0.028866825162293972
2,0.022326072023814054
3,0.020961975414378137
4,0.02089874811062723
5,0.020810504886773048
6,0.02084454339944854
7,0.020771888325770333
8,0.020691977331718535
9,0.020777903252972574
10,0.020693196406420172
11,0.020638092749135115
12,0.0206117914403399
13,0.0204332469895635
14,0.02059667202577148
15,0.020403711418350446
16,0.020432531179492803
17,0.020308971674762404
18,0.020257789091533102
19,0.02023043088665914
20,0.02008511353509252
