epoch,train_loss
1,0.025872249372543826
2,0.02309203670497009
3,0.022684018600291463
4,0.02281276824213164
5,0.022685127290079245
6,0.022556724134952792
7,0.02252633212180975
8,0.022492300127516084
9,0.02241045092048931
10,0.022309139537821963
11,0.022401648420693625
12,0.022220769770256506
13,0.022238760249268623
14,0.022200182599673133
15,0.022102073393094498
16,0.021930101415055626
17,0.021857550394417564
18,0.02196292213588205
19,0.021710853162471965
20,0.02162782627969019
