epoch,train_loss
1,0.02141265150694816
2,0.02097412370073109
3,0.021030461706620394
4,0.02082880287767816
5,0.020787037810270366
6,0.020770329979918428
7,0.02068432332988204
8,0.020552553154715044
9,0.020613387392721262
10,0.02063432333092529
11,0.020450075445834763
12,0.020331302952943126
13,0.020372877328602455
14,0.020202515608585412
15,0.020160961418307494
16,0.020196266570038236
17,0.019990768351569824
18,0.02002147954072009
19,0.019974922226102622
20,0.019826546528014518
