epoch,train_loss
1,0.018094752525316556
2,0.01729200570493616
3,0.016978351892002166
4,0.017045029504458322
5,0.01681435448735098
6,0.016709805932897392
7,0.016452700735527126
8,0.016338286300500233
9,0.016361309852330915
10,0.016044819540607887
11,0.016130898555066425
12,0.015859206600321665
13,0.015517690459994005
14,0.015124811581920125
15,0.014867483813809665
16,0.014596403537712003
17,0.014328721592930483
18,0.013959892288411177
19,0.014122297901887192
20,0.013621423345419669
