epoch,train_loss
1,0.015390572748746948
2,0.01503438872742884
3,0.01488981906541261
4,0.014812619728009676
5,0.014762614308373244
6,0.01489178493657195
7,0.014478212281925648
8,0.014426334760021184
9,0.014279316140162496
10,0.01410962255223481
11,0.01415103065442536
12,0.013972288815298266
13,0.013738083322888225
14,0.013596708982962023
15,0.013692810264933205
16,0.013445659237940336
17,0.013019250093098038
18,0.013505274251511186
19,0.013061467683454604
20,0.012636203365559725
