epoch,train_loss
1,0.019660002888608277
2,0.018148818885867175
3,0.017905671204713213
4,0.017578247448210706
5,0.017260786538843827
6,0.017116632346518362
7,0.016819507459193434
8,0.016365632097297342
9,0.01607335504025493
10,0.015772924995306824
11,0.01570985459020635
12,0.015360762969407008
13,0.014985734096674107
14,0.0145059859416232
15,0.014602763809798925
16,0.014445569589224345
17,0.014248007731119271
18,0.014104290316338006
19,0.014058259258443912
20,0.013620127134764208
