epoch,train_loss
1,0.018894798442133865
2,0.01862073172030697
3,0.018181167554951482
4,0.017867837801882763
5,0.01764305151972292
6,0.016986865950848466
7,0.01660140399490633
8,0.016476728246417098
9,0.016107788252707665
10,0.016197717111010278
11,0.015555273282832356
12,0.014986914146598095
13,0.015207094083603564
14,0.015504178418827954
15,0.015249175667816165
16,0.014779664330371391
17,0.014949593507421059
18,0.014541682260491514
19,0.014288754577291162
20,0.014134179076386822
