epoch,train_loss
1,0.026599460609571555
2,0.021640224450245552
3,0.01959626572450863
4,0.018764961107358966
5,0.018388382686958346
6,0.018163086568242195
7,0.01797787433526263
8,0.01784890495079273
9,0.017743795392280836
10,0.017647761055093126
11,0.017577816242672833
12,0.017486561372230508
13,0.017440698478060818
14,0.01734898377426538
15,0.017272978154528235
16,0.0172080058166959
17,0.017137714766790005
18,0.017073428974048305
19,0.017009302038176913
20,0.016947120995162015
