epoch,train_loss
1,0.045159461654238446
2,0.031350684096291236
3,0.02335396409884282
4,0.02006477316333875
5,0.01916158505149415
6,0.018799482531497252
7,0.018560178066044198
8,0.01832849036439183
9,0.018158479980240866
10,0.017980877363665652
11,0.017842896406920022
12,0.01770216938503248
13,0.017566947446989497
14,0.017447549656475284
15,0.017330713355605796
16,0.0172010240428566
17,0.017114620551704818
18,0.016998107161716968
19,0.01686799806248537
20,0.016774792479034704
