epoch,train_loss
1,0.02339563828535832
2,0.020835107890722144
3,0.02001204989169554
4,0.01950458112877116
5,0.019168247726802652
6,0.01886506817407078
7,0.018612042462660208
8,0.018408324475997665
9,0.018214771365179384
10,0.018061915581451735
11,0.017896842932508837
12,0.017762263383929982
13,0.01764470793867624
14,0.017556884875487684
15,0.017390413606359113
16,0.01726586915499207
17,0.017197871035612506
18,0.017037222470660897
19,0.01694951153170037
20,0.0168298434078907
