epoch,train_loss
1,0.05018946832600033
2,0.03410557746072717
3,0.02674266649376748
4,0.023534511127859675
5,0.0221653302490551
6,0.021336985722611456
7,0.020787406742813125
8,0.02036867138252036
9,0.019981500585847217
10,0.019648914577232467
11,0.019394200006800314
12,0.019136627033139217
13,0.01887985721604371
14,0.01869500379301741
15,0.018515444053570643
16,0.018295632045061783
17,0.018159215065473723
18,0.018021256530049882
19,0.017861182892221064
20,0.017726042805953905
