epoch,train_loss
1,0.02021616402197897
2,0.017857517048869464
3,0.01758276952373261
4,0.01743558404527545
5,0.017174062037685442
6,0.01691865848808495
7,0.016701608907405876
8,0.016415091616950053
9,0.01605109481763269
10,0.015699246027501577
11,0.015968790570934522
12,0.015554031592920134
13,0.015396954295275352
14,0.015314044046429163
15,0.01512487681673897
16,0.014899018519008989
17,0.01471684132930966
18,0.014785247518253027
19,0.014453977235978386
20,0.014303400942645839
