epoch,train_loss
1,0.023757170278939508
2,0.018172308400700596
3,0.01796106189542774
4,0.01780634613634224
5,0.017496065502338724
6,0.01734228929084155
7,0.017131965242887057
8,0.017152427978092626
9,0.016917062938667328
10,0.01649562022698823
11,0.01625230902385327
12,0.01637159850728768
13,0.01628506529615611
14,0.01584615385607152
15,0.015831177367905562
16,0.01565020386276493
17,0.01529395588303125
18,0.015274277577797571
19,0.015092014678917479
20,0.01477470377319923
