epoch,train_loss
1,0.016478090934909373
2,0.015716045998757887
3,0.015272577563601156
4,0.014687892908103578
5,0.01433648115765023
6,0.014031892439423923
7,0.013656606088562678
8,0.013597782390145419
9,0.013648458328565389
10,0.01337045908147823
11,0.01284508540505363
12,0.01290969194704166
13,0.012737465390808693
14,0.012620182991642038
15,0.012591186747969692
16,0.012480950274080785
17,0.012245918351048638
18,0.012197514453161789
19,0.011737679165377412
20,0.011982633096022419
