epoch,train_loss
1,0.014772118226398831
2,0.014058496966584243
3,0.013477252126207305
4,0.01306982161296678
5,0.012861344716941753
6,0.012826006502728641
7,0.012753226474658114
8,0.012246344858693425
9,0.012182685562506098
10,0.011931603148944906
11,0.011860495554272642
12,0.011668627949998615
13,0.011591995527867988
14,0.011687415264368464
15,0.011459496765351825
16,0.011135810377668831
17,0.011137934619860306
18,0.011110844970930329
19,0.01109476707994666
20,0.01079597599812897
