epoch,train_loss
1,0.032735035067764665
2,0.02636497904910409
3,0.021957429992468983
4,0.019242198340674883
5,0.017711464276931193
6,0.0167908623641003
7,0.016653713158008017
8,0.016535851516924452
9,0.016207246001689664
10,0.01613043558693701
11,0.015763742904642792
12,0.015604914596644781
13,0.015593522030018991
14,0.015577771035974384
15,0.015368949871603733
16,0.015314743498934425
17,0.01529589694487365
18,0.015033503516333506
19,0.015001531479392856
20,0.014826272443390876
