epoch,train_loss
1,0.04590321707718729
2,0.03215682706631032
3,0.023590194117681398
4,0.01857776944541469
5,0.016201342062062522
6,0.015202989963179576
7,0.014867991896106212
8,0.014739561989529647
9,0.01433638440489667
10,0.014374782464030532
11,0.014322735534868328
12,0.014246315959768802
13,0.014242403648853166
14,0.014045429767503434
15,0.014039133341946855
16,0.013992803489859455
17,0.013936303137560526
18,0.013596029864027331
19,0.013715227482842542
20,0.013659320041078527
