epoch,train_loss
1,0.011256416531082163
2,0.010457377749130962
3,0.010376785236687964
4,0.010296404965969489
5,0.010228357577278038
6,0.010173285779295788
7,0.010119619098584356
8,0.010071528068782937
9,0.010028075288233592
10,0.009980708819430665
11,0.009922721268165275
12,0.009929349197832997
13,0.009872320343866656
14,0.009827589615648495
15,0.009819600973788017
16,0.009765607367525622
17,0.009747424683806528
18,0.00968737738523441
19,0.009677533888626534
20,0.009668867063401702
