epoch,train_loss
1,0.011860326596111807
2,0.011518002057942064
3,0.01138369829250386
4,0.011252443511439588
5,0.011204846534464094
6,0.011102341169551496
7,0.011047836850434008
8,0.011025174422102803
9,0.010960779994672772
10,0.010878060647289812
11,0.010857722633201162
12,0.010793730360205455
13,0.010746334714808344
14,0.010724767058500253
15,0.010671404463249028
16,0.010627590705003041
17,0.010593514601069111
18,0.010543428016259038
19,0.010512190093837118
20,0.010475438301815354
