epoch,train_loss
1,0.011687828886479566
2,0.011421365411718473
3,0.011289114344825027
4,0.01119825886762751
5,0.011119581080679397
6,0.011073285086233984
7,0.011026539929598357
8,0.010959476958225918
9,0.010939991109633958
10,0.010895607167834876
11,0.010827152062487858
12,0.010813125216245225
13,0.010764246046089143
14,0.010712168377066384
15,0.010665940614851144
16,0.010627738770271074
17,0.010591201177100554
18,0.01055443253581776
19,0.010500863516255947
20,0.010481595144503647
