epoch,train_loss
1,0.015441368880895144
2,0.01123810392945682
3,0.010679042760066119
4,0.010460421994664073
5,0.010331745127783058
6,0.010229166227041349
7,0.010171291848459836
8,0.01010523397292827
9,0.010063068049204798
10,0.010011609983518974
11,0.009975624822415709
12,0.009930019263717576
13,0.009878391035733704
14,0.009870565684348718
15,0.00984472353457385
16,0.009794259008483169
17,0.009755304013139982
18,0.009715038764809801
19,0.00967041565956996
20,0.009647843064772158
