epoch,train_loss
1,0.008718396468909198
2,0.005240051929027803
3,0.004626463633698267
4,0.004518690377166728
5,0.004472699810794178
6,0.004438851165875632
7,0.004413350081358332
8,0.0044114803902030415
9,0.004384327598423513
10,0.00436480975773279
11,0.004342128761032576
12,0.004335024252894425
13,0.004322889193852422
14,0.004310337359112384
15,0.004301152091413255
16,0.0042941791704759055
17,0.00429284053797897
18,0.0042842582983088325
19,0.004256538027316652
20,0.004251707067519533
