epoch,train_loss
1,0.008306346896360442
2,0.004496440055653742
3,0.004268686149583677
4,0.004204136949455197
5,0.0041615053670992705
6,0.0041351909746555025
7,0.004118384637295384
8,0.0041080328944896344
9,0.004092825284629143
10,0.004076901735406594
11,0.004053648633982226
12,0.004046247399145548
13,0.004050065806303322
14,0.004023350874002398
15,0.004029055602292072
16,0.004006624910736217
17,0.003997231324966848
18,0.003988952144445212
19,0.0039908609054600365
20,0.003972591989447481
