epoch,train_loss
1,0.03228156320270031
2,0.025297732480324298
3,0.023111486883573635
4,0.02291806176919023
5,0.022714892972434293
6,0.02271272277586349
7,0.022700946210586468
8,0.022642043733628846
9,0.022631296936062074
10,0.022593636992370783
11,0.02259496448287827
12,0.02255522699419102
13,0.022523170764354394
14,0.022490317518672635
15,0.0223820951503558
16,0.02241295201430184
17,0.022344242055035834
18,0.022362095579558375
19,0.022325054735052117
20,0.022267151660015506
