epoch,train_loss
1,0.022497715558028413
2,0.021176409009236636
3,0.02103428565870499
4,0.020992436243418684
5,0.020969931881539228
6,0.020945982568968458
7,0.02091077782485545
8,0.021034884284608313
9,0.02085632589585153
10,0.020870365411629357
11,0.020813850037107923
12,0.020705393253227733
13,0.02064787148218708
14,0.02074964706835888
15,0.020689002424053755
16,0.020578507726912217
17,0.020665300039398222
18,0.020639120107314876
19,0.020605277548307297
20,0.020587585082738537
