epoch,train_loss
1,0.014962287059004929
2,0.014106271244763921
3,0.013891145242898468
4,0.013533656505555628
5,0.013516257951373793
6,0.01354154348139786
7,0.013828544103314286
8,0.01342943907973432
9,0.01332650027591459
10,0.013311067847758021
11,0.013309353985903336
12,0.013192650260979325
13,0.01324390966929453
14,0.013168712126403333
15,0.013195794967758207
16,0.013024981273816072
17,0.013175572970608077
18,0.013111745934410949
19,0.013202215364349405
20,0.01295855573400804
