epoch,train_loss
1,0.01610555810232957
2,0.015489424610223394
3,0.015000981101799609
4,0.014789733157816967
5,0.014709590879472568
6,0.014861322231056656
7,0.014777155233193257
8,0.01456654480855418
9,0.014363524822458144
10,0.01423643766218082
11,0.01422487983353249
12,0.01418348941217614
13,0.0141677839040596
14,0.014176469784910961
15,0.014302055032983903
16,0.014041339245534712
17,0.013906036432178217
18,0.013961739336744645
19,0.013859480114046177
20,0.01383284448335568
