epoch,train_loss
1,0.009219523453437208
2,0.008385542681400357
3,0.00836134295456086
4,0.008418443840540767
5,0.008382457339267502
6,0.008307979646071944
7,0.008227327455179246
8,0.008287754200267242
9,0.008260826343944469
10,0.008242046121219034
11,0.00830203863636016
12,0.008101462533096427
13,0.008158055992166223
14,0.008132058086389827
15,0.008101386505528486
16,0.008082230007244081
17,0.007978634454815425
18,0.00801413552251516
19,0.007987168594183849
20,0.007909968287228451
