epoch,train_loss
1,0.009603798005890141
2,0.009051452728662653
3,0.009102146862588796
4,0.009023319483203913
5,0.008962339125440113
6,0.008879896199938217
7,0.008866907949943268
8,0.008872039879148152
9,0.008812865613555822
10,0.008691933605566247
11,0.008685577670813249
12,0.008552981107946365
13,0.008540747317362003
14,0.008516812037449584
15,0.008541671491117888
16,0.008510804574896572
17,0.008584362247084204
18,0.008481484666920691
19,0.00837497497544921
20,0.008428794630272414
