epoch,train_loss
1,0.008943521948648083
2,0.00840246729911682
3,0.008357360247552327
4,0.008256448054752029
5,0.008342646825909954
6,0.008273438197967333
7,0.008260126662639181
8,0.008197226049750194
9,0.008209400785876652
10,0.008245279085413556
11,0.008228322982728617
12,0.008170395888846915
13,0.008137035432633782
14,0.008138629072637828
15,0.008115587484711695
16,0.008075145729514796
17,0.008065748069872878
18,0.008046983532552334
19,0.00793038941006534
20,0.008015358089941938
