epoch,train_loss
1,0.008776417225089556
2,0.008517690331058125
3,0.008353129520952837
4,0.008527541027628437
5,0.008258180714030765
6,0.008187747320973717
7,0.008094620621978743
8,0.008025521096033272
9,0.008047931108670468
10,0.00791998664150811
11,0.00783470548697861
12,0.0077805261530126514
13,0.007874177927586719
14,0.007681161601695327
15,0.007533689894997
16,0.007515297561221275
17,0.007327378289975829
18,0.007378955697693874
19,0.007091551714342092
20,0.007032132015150452
