epoch,train_loss
1,0.0092752134370681
2,0.00906413540537853
3,0.009047832499561984
4,0.00888861284514482
5,0.008770977674005385
6,0.008746545166645105
7,0.008600653114805405
8,0.008476645874667338
9,0.008283768478767632
10,0.00836705119602756
11,0.008057736137574772
12,0.007719238144829602
13,0.007547358807016124
14,0.007385928023232674
15,0.007064921756718962
16,0.007078797362851627
17,0.006480117528415603
18,0.006302514714172184
19,0.006499093887646512
20,0.006271651161894683
