epoch,train_loss
1,0.012343405855412338
2,0.009167604623061995
3,0.009036609142564744
4,0.009021329991252405
5,0.008963836696813396
6,0.008899333457859721
7,0.008827011899748903
8,0.008756709316458326
9,0.008677190164017315
10,0.008557604741318465
11,0.00850845290861997
12,0.008465811449660516
13,0.008406662719998521
14,0.008386157272136553
15,0.00833890654086586
16,0.008188524089860446
17,0.008139753280254248
18,0.008131961175324028
19,0.008068062079983587
20,0.00795091414276684
