epoch,train_loss
1,0.009894533256422661
2,0.009119746403094368
3,0.009061397544665789
4,0.009067967707645081
5,0.008993058929079643
6,0.008884518140239314
7,0.00901683335756636
8,0.008956312634531529
9,0.00894207658853689
10,0.008842184529456187
11,0.008821102705413615
12,0.008864176124467858
13,0.008861828712900052
14,0.008775844716710642
15,0.008765809302048016
16,0.008726075201839422
17,0.008791842235512631
18,0.008733903810942686
19,0.008714026548168672
20,0.008684776999443556
