epoch,train_loss
1,0.024258894279706008
2,0.018285668697408452
3,0.014473357891470301
4,0.012122512772332169
5,0.010648601516200009
6,0.009972403936862518
7,0.009502373948546401
8,0.009394134079710343
9,0.009326182543817493
10,0.009206150273214959
11,0.009295483701945847
12,0.009239337978864549
13,0.00903971868076472
14,0.009004929442105541
15,0.00902298097682309
16,0.009053311974317583
17,0.00902079169414804
18,0.00894272994971083
19,0.008905599071347158
20,0.009021513353646015
