epoch,train_loss
1,0.015634460650817698
2,0.010726530439387094
3,0.009075273221258834
4,0.00869858968698185
5,0.008655614329516854
6,0.00849781300821591
7,0.008419793412437664
8,0.008523020919883877
9,0.008382522272734033
10,0.008328073802473131
11,0.008509764252411055
12,0.008389754044826534
13,0.00834390137794862
14,0.008301491973902541
15,0.00833805428367605
16,0.008246955321623839
17,0.008309661362430627
18,0.00832861043861138
19,0.008342781676002858
20,0.008376614750546648
