epoch,train_loss
1,0.00879623677195002
2,0.008387135415037451
3,0.008286902846655933
4,0.008278781508850603
5,0.008166762068867683
6,0.00812958783980888
7,0.008108651415235708
8,0.007933078697981353
9,0.007919783255843575
10,0.007772255908196607
11,0.007734251663645256
12,0.007714067397802694
13,0.007429151008905951
14,0.007354465069009273
15,0.00739250115587237
16,0.0070360062254684105
17,0.006690354422032153
18,0.006601913992481194
19,0.006372345153225358
20,0.006328006629155633
