epoch,train_loss
1,0.017933817418927207
2,0.015301424196518813
3,0.014808025453218441
4,0.014652397210668335
5,0.014386885286018915
6,0.014320785009823611
7,0.01424440102675078
8,0.014098424899860146
9,0.013822435584033977
10,0.013739166923606409
11,0.013589278349871647
12,0.013374651955842054
13,0.013301581936541141
14,0.01283393881019277
15,0.012476699737919029
16,0.012029896575231168
17,0.011999479389325753
18,0.011460772884357614
19,0.011211869562790222
20,0.011041131193410847
