epoch,train_loss
1,0.029292222020954002
2,0.017782748008554127
3,0.016842704638838767
4,0.016632980807253752
5,0.016350111960830655
6,0.016204594086361615
7,0.016171067683393384
8,0.015781641409709037
9,0.015640036645595747
10,0.015467303757652586
11,0.015227252767024075
12,0.015091125576299578
13,0.014735884758840752
14,0.01442803963217684
15,0.01405046077839042
16,0.013854149030020801
17,0.013459318386237254
18,0.013360642542308163
19,0.013220000464642775
20,0.01271976138395007
