epoch,train_loss
1,0.017713115336273306
2,0.016739032568416714
3,0.01658181528090149
4,0.016308770934286725
5,0.01599984344655788
6,0.015717558824460565
7,0.015548328761558806
8,0.015356475215632215
9,0.015027963122399691
10,0.014440700839070009
11,0.01392851878344799
12,0.01364581528583735
13,0.013102531648077419
14,0.01304312557729769
15,0.012576625377313638
16,0.012646206503059702
17,0.012596478128945956
18,0.011906240043300454
19,0.012043884949338052
20,0.011996078572659937
