epoch,train_loss
1,0.01692507274346925
2,0.014989375023164934
3,0.014656735059540791
4,0.014420800146242198
5,0.014317758909682557
6,0.01389689130353887
7,0.013676189215367441
8,0.01345796327551608
9,0.013071110001643068
10,0.012681694928569425
11,0.012326736602095404
12,0.012300141051118534
13,0.012004318667263507
14,0.011920036408230408
15,0.011603465809262737
16,0.011391851586951293
17,0.011017435596684501
18,0.01106322106895724
19,0.010435527243663131
20,0.010212696071378589
