epoch,train_loss
1,0.022039288477337916
2,0.019051427750657962
3,0.018721297175680225
4,0.01808090193871422
5,0.017515046011629818
6,0.01702283815177004
7,0.01654380213295687
8,0.015733255714338312
9,0.014809860385233357
10,0.014155418417787039
11,0.013446790822464505
12,0.01263063422013675
13,0.011727121981748757
14,0.01083975982848942
15,0.010249397551180215
16,0.009817147815740238
17,0.008997172469066249
18,0.008365838268044068
19,0.007910810905011324
20,0.007568773555178796
