epoch,train_loss
1,0.022664790350769647
2,0.018221594523872113
3,0.01781716294471969
4,0.01749038185282879
5,0.017018680138982823
6,0.01637064358442512
7,0.015383058196802368
8,0.014631930498688767
9,0.01378237111695714
10,0.013503849852571057
11,0.012959161811553902
12,0.012198077458484755
13,0.01174911658493048
14,0.011477102557390486
15,0.010794647846120317
16,0.01029882476077826
17,0.010054906011434822
18,0.009690170266592244
19,0.009422696406869144
20,0.00922199424267019
