epoch,train_loss
1,0.008626074559122171
2,0.006614701837267272
3,0.006540368300487745
4,0.006502969356141177
5,0.006408957177252767
6,0.006445344032012478
7,0.006343921849837563
8,0.006222217220562418
9,0.006154506648874745
10,0.0060637820668161735
11,0.005966642082476629
12,0.005893090219494962
13,0.005872545376241615
14,0.005752177504947921
15,0.005552315301056887
16,0.005477991204139614
17,0.005423442103784264
18,0.005407359488223474
19,0.005214501413895813
20,0.005141534618481127
