epoch,train_loss
1,0.007853613418650457
2,0.007265843120219994
3,0.00719148307424506
4,0.00705141177781487
5,0.006917300175768607
6,0.00681251876630343
7,0.006705184118975769
8,0.006641647085467333
9,0.006482794525028343
10,0.0063455049682902605
11,0.0061436118124099616
12,0.006008056827276732
13,0.005858865836935658
14,0.005756649188697338
15,0.005534215175670215
16,0.005426009724377304
17,0.005223973831128476
18,0.0051275422406052385
19,0.0050374161325208175
20,0.004933984953189088
