epoch,train_loss
1,0.008152747465010506
2,0.007386321978356462
3,0.007248213736333727
4,0.007178229401655843
5,0.007108272370251436
6,0.0070524296125790975
7,0.007009969481457305
8,0.0069747604539878265
9,0.006936689162473311
10,0.006915418222199418
11,0.006874813470575544
12,0.0068592083049557545
13,0.0068433741928749185
14,0.006822514434021274
15,0.006791644901250853
16,0.0067803268539502306
17,0.006746041339798747
18,0.006726346508763383
19,0.006704245235330315
20,0.006669387503737404
