epoch,train_loss
1,0.0094714044585841
2,0.0072053319072624845
3,0.006757611580067734
4,0.0066328472739240595
5,0.006555429338546578
6,0.0065044336591209015
7,0.006470899203815577
8,0.006431595088877931
9,0.006415823062493157
10,0.0063699205887069585
11,0.006344153256948821
12,0.006319841247332307
13,0.0063178079375867625
14,0.006284619844545151
15,0.006260863396985841
16,0.006233729186872426
17,0.006204721055916397
18,0.0061782508148167155
19,0.006157573664554542
20,0.006126626125486948
