epoch,train_loss
1,0.03191455039646356
2,0.015468272677619398
3,0.01448656608847948
4,0.014373079152597536
5,0.014205861257182227
6,0.014027681992152258
7,0.013914997803588068
8,0.013779173369476018
9,0.013603467508936868
10,0.013364826930573337
11,0.013189590587464285
12,0.013019229701342975
13,0.012746251828461138
14,0.012450085591030804
15,0.012263400453446587
16,0.012122622059531322
17,0.01165518150481272
18,0.011374490766862814
19,0.01116455175035957
20,0.011001626264277219
