epoch,train_loss
1,0.01390321272507123
2,0.013372009789981076
3,0.013223225898624418
4,0.013141755062445335
5,0.013034602846980027
6,0.01283496650235309
7,0.012936265538090855
8,0.012608410046141735
9,0.012391186693094951
10,0.012212243190772212
11,0.012043444241185756
12,0.01188427978593478
13,0.01150932511635456
14,0.011572503473104201
15,0.011408508245534812
16,0.011190926509579069
17,0.011120043302054688
18,0.010782400838512516
19,0.010635623380758437
20,0.010498634396182498
