epoch,train_loss
1,0.018228383553231062
2,0.015116862088815713
3,0.014584445200299704
4,0.014532294350686252
5,0.014530434233794076
6,0.014388226528107907
7,0.014429848713927157
8,0.01437683267832657
9,0.014270721569550508
10,0.014314658655434527
11,0.014207691932931596
12,0.014202842856740653
13,0.014173569468494279
14,0.014134730669038911
15,0.014020883334687106
16,0.014079444859457273
17,0.014043751697466578
18,0.014034185047832227
19,0.0139066906372172
20,0.013955544514788521
