epoch,train_loss
1,0.017226640912821
2,0.014897627722618828
3,0.014547462328120158
4,0.014499816411979309
5,0.014376241226403517
6,0.014203349078962025
7,0.014302033382905213
8,0.014291545669932092
9,0.014177674975740226
10,0.014124147347625226
11,0.01407308834922036
12,0.014111774702519713
13,0.01384287143800421
14,0.013931672499384932
15,0.013861456226330504
16,0.013912599114534248
17,0.013747313977836708
18,0.013781597967990625
19,0.013557853509661972
20,0.013612105797535629
