epoch,train_loss
1,0.013422212409473607
2,0.013226368263822596
3,0.01329428246064258
4,0.013123659188715803
5,0.013103102168180855
6,0.013065108349769797
7,0.012968666904617607
8,0.013026902537066553
9,0.012967662122249264
10,0.01298924672609554
11,0.012883333525404828
12,0.012903297520715196
13,0.0127999669932755
14,0.01275316418223975
15,0.012779983758773473
16,0.012660515994819023
17,0.012709108116519355
18,0.012563950551021738
19,0.01262788558877928
20,0.012578760039065556
