epoch,train_loss
1,0.0151066217824239
2,0.013426869107301993
3,0.013390122085571833
4,0.013098673436242743
5,0.013111310549071876
6,0.013002929585681063
7,0.012996740284521332
8,0.0129435503305262
9,0.012912888305013238
10,0.012962713952313264
11,0.012807913011995525
12,0.012858530182599545
13,0.012729319398681141
14,0.012693453572707477
15,0.012718571177943946
16,0.012713032793742153
17,0.01264299075740433
18,0.012674696918708636
19,0.012490147571828102
20,0.012425200373333632
