epoch,train_loss
1,0.02501846326308118
2,0.011279172737378374
3,0.009394666941095423
4,0.009153521724886472
5,0.009039851735382739
6,0.008979227876551048
7,0.008953408900928753
8,0.008909438221671995
9,0.008945574227213112
10,0.008914412757027961
11,0.00889703411956094
12,0.00885441945765608
13,0.008891349239441763
14,0.00882117701994796
15,0.008815457372789314
16,0.008815582842302366
17,0.008802743031439709
18,0.00878469541495312
19,0.00873765197906336
20,0.00876444622333492
