epoch,train_loss
1,0.009880733524397134
2,0.008521885977486656
3,0.00836197439232839
4,0.0083241931697993
5,0.00830228390605396
6,0.008299057053331978
7,0.00827114130588017
8,0.008290189574817737
9,0.008283344355487226
10,0.008262635279285425
11,0.008278261672093733
12,0.008240559818531081
13,0.00824332245526795
14,0.008229702141904776
15,0.008216597926733907
16,0.008226836453316183
17,0.00818804018050772
18,0.008205555063463162
19,0.008174370149173854
20,0.008167627807005712
