epoch,train_loss
1,0.010846202363890986
2,0.009637241185339014
3,0.0092544132770176
4,0.0091354650695638
5,0.009092933922925943
6,0.009039512186855291
7,0.009080990221631783
8,0.009001570494718662
9,0.00900784766995832
10,0.009035876126939891
11,0.008994367802816053
12,0.008968241332185631
13,0.00899179988811093
14,0.008949078129784715
15,0.009012046113850609
16,0.008992461539057207
17,0.009018508984463616
18,0.008960889468109736
19,0.008947801674085279
20,0.008943550918237923
