epoch,train_loss
1,0.008735782296918205
2,0.008510202746052494
3,0.008463865286217176
4,0.008444870549212703
5,0.008398675079433038
6,0.008420624452703628
7,0.00840673697453965
8,0.008401254837655015
9,0.008416437031010946
10,0.0083415539087802
11,0.00836305791180806
12,0.008311663856761723
13,0.008391852342994074
14,0.008360481037818822
15,0.008372907353694654
16,0.00829742199920772
17,0.008325002210888005
18,0.008352559073929046
19,0.008311887916300697
20,0.008302773926683204
