epoch,train_loss
1,0.03188132057533897
2,0.017146970420461614
3,0.01627113160720649
4,0.015607195435005064
5,0.015354169669517694
6,0.015161988186553173
7,0.014900687445075281
8,0.014264841397095966
9,0.014023562184264583
10,0.01374298315562014
11,0.013645347376691184
12,0.013214761849933414
13,0.01324434994743289
14,0.01330352227293676
15,0.012877001124016914
16,0.01276664544684699
17,0.012895573474012823
18,0.01263384464927899
19,0.01253273202353374
20,0.012524272553542609
