epoch,train_loss
1,0.017095278564122685
2,0.014444557672733931
3,0.014176746936007366
4,0.013939216992092513
5,0.013595814081790307
6,0.013134596594837638
7,0.012887477677234766
8,0.012533692974903055
9,0.012505230443932312
10,0.012322604711440433
11,0.012292612938713728
12,0.012229293177038126
13,0.011920691783218182
14,0.011724810000241415
15,0.011728488224236763
16,0.011530283046302258
17,0.011491089841582416
18,0.011266675416673262
19,0.011104354508509998
20,0.010904355276218842
