epoch,train_loss
1,0.01990769565052029
2,0.019714778353289893
3,0.019674743280669267
4,0.01954398972239332
5,0.019531532085924595
6,0.019461364288377078
7,0.019416561443692467
8,0.019310749967091825
9,0.019265999117579084
10,0.019332892070507705
11,0.019257630238236064
12,0.01927454676145294
13,0.019394279586478373
14,0.019085780340230167
15,0.01925966223721863
16,0.01918287358136587
17,0.019139111293713467
18,0.01912166476516741
19,0.019127301907827778
20,0.019121072239719837
