epoch,train_loss
1,0.019333652094295387
2,0.019157439952412515
3,0.019078964482198556
4,0.018952736524841668
5,0.01887746721701516
6,0.01886380813004897
7,0.01877004105678442
8,0.018726696357972063
9,0.018714586150712476
10,0.018665260022576204
11,0.01862931604727576
12,0.018589143223950094
13,0.01860060563635935
14,0.018539673511784188
15,0.018526429888137116
16,0.018530257700909537
17,0.018446725915306106
18,0.0184474871276178
19,0.01840547264310422
20,0.01839962363043458
