epoch,train_loss
1,0.019099278547540902
2,0.018695230522493545
3,0.018400456893343815
4,0.018212359286037656
5,0.01806842805042506
6,0.01786667240641272
7,0.01755899492706445
8,0.0171356540610812
9,0.01663855147020235
10,0.016009490471864236
11,0.015369060968060552
12,0.014910805098576516
13,0.01473068286735934
14,0.01466104814287874
15,0.013888045858714981
16,0.013743757043021094
17,0.013875188002258777
18,0.013812340547499526
19,0.01358122456746607
20,0.01294603924285047
