epoch,train_loss
1,0.019957165398691717
2,0.0194893188968194
3,0.01916140161695019
4,0.01897847557300201
5,0.018722991641330462
6,0.018386020332468025
7,0.018313198664148864
8,0.0177391577792424
9,0.01706644892692566
10,0.01631601628476894
11,0.015985477300474293
12,0.015307844587765287
13,0.014899109439477058
14,0.014096790006698032
15,0.013328071095476655
16,0.013060778411485816
17,0.012971203782225167
18,0.012384203903537283
19,0.011589207748572031
20,0.011755614488061825
