epoch,train_loss
1,0.02749396514240986
2,0.024906544307226774
3,0.023610594358602306
4,0.023019349106377172
5,0.022697533715155815
6,0.022544955965598853
7,0.022408011665828124
8,0.022322160888823772
9,0.022241844298271297
10,0.022322466701108924
11,0.02227178810691748
12,0.022173474713038373
13,0.02210566947323447
14,0.022227972440795444
15,0.022136279601456872
16,0.022092987930796053
17,0.022133296191371898
18,0.022079605172558497
19,0.02196716032788745
20,0.02204034938794097
