epoch,train_loss
1,0.03334069656295237
2,0.027199117201322023
3,0.023904964049583557
4,0.02239917961300745
5,0.021819663878653448
6,0.021599663963101746
7,0.021454884555454162
8,0.021448594818535255
9,0.02133092998464336
10,0.021392659790720473
11,0.021239491706308372
12,0.021257570874107366
13,0.021217373477989552
14,0.021174866952503285
15,0.02114705986076777
16,0.02114904506669349
17,0.021136352155217423
18,0.02111033753660787
19,0.021092165456904247
20,0.021093136435555146
