epoch,train_loss
1,0.012788923309054427
2,0.010304861923673034
3,0.00981600595818412
4,0.009621429811882716
5,0.009546212120295425
6,0.009497408818547017
7,0.009440651576378547
8,0.009421891020110217
9,0.009387480862118224
10,0.00937324992871733
11,0.00935195619908018
12,0.009296849153027953
13,0.009273586442233413
14,0.009248239717255998
15,0.00923665642177546
16,0.009205538459042067
17,0.009198199374113886
18,0.009184826779643267
19,0.009151677889448982
20,0.009139440696699858
