epoch,train_loss
1,0.010241669328711256
2,0.009476982516915184
3,0.009270078111801004
4,0.009208424452229264
5,0.00914987798848167
6,0.009078633463904346
7,0.009043742095501487
8,0.009013816873578008
9,0.008966177832568862
10,0.008945702727004767
11,0.008910919750425773
12,0.008885517483842618
13,0.008863027332331496
14,0.008845543307533643
15,0.008828310493460539
16,0.008806879981553677
17,0.008783952794977578
18,0.008754373011959795
19,0.008767255748640172
20,0.008728347482964685
