epoch,train_loss
1,0.009472237573352514
2,0.00917424646098944
3,0.009020582293855831
4,0.008905509559006484
5,0.00845634796260564
6,0.007869221930080939
7,0.007273111327263519
8,0.006800807934432814
9,0.006369410020043328
10,0.00607001091467223
11,0.005825984442527985
12,0.005486771658683109
13,0.005358888930667664
14,0.0051121578117494845
15,0.005042294264391931
16,0.0047357607751812875
17,0.004763064817859958
18,0.004975296648276573
19,0.004413518978191483
20,0.004328637048835731
