epoch,train_loss
1,0.010095059938184704
2,0.009602021477034976
3,0.009428288404392512
4,0.00940853074747121
5,0.00915217716046559
6,0.008944686803312498
7,0.008530155346665439
8,0.008161561328610638
9,0.007609495626074866
10,0.007009006547991948
11,0.0065699294957208805
12,0.006259343806841147
13,0.0059566847509354036
14,0.0056239173387087164
15,0.005314902606750689
16,0.0051138014470871315
17,0.0047932378854268765
18,0.004756654527766036
19,0.004477794059822637
20,0.0042892416164706255
