epoch,train_loss
1,0.011967461762212837
2,0.010333884318392116
3,0.00995101951627632
4,0.009816277900948576
5,0.009552049546681998
6,0.009034802793114189
7,0.008689269748438859
8,0.008147341966737347
9,0.007596029646741386
10,0.007417470876747655
11,0.007195255429215279
12,0.006686283301502602
13,0.006295900944803025
14,0.0062006309855742086
15,0.005843190752934057
16,0.005320744723306721
17,0.0053713783609044725
18,0.005128883625281935
19,0.004870999599950326
20,0.004690066085089775
