epoch,train_loss
1,0.012068181058999459
2,0.010882103869751577
3,0.010632417076951606
4,0.010419029537855404
5,0.010002193012438368
6,0.009373726891387107
7,0.009029428261302172
8,0.00822594038287585
9,0.008031260741267046
10,0.007541485419864082
11,0.00703969130753189
12,0.006972943818510434
13,0.0065223523866265055
14,0.0063635644192496935
15,0.005789521432692005
16,0.00568086979760518
17,0.00542565695974829
18,0.0053214335290040805
19,0.005590845148770078
20,0.005149016823239064
