epoch,train_loss
1,0.011165580976151245
2,0.010293714552395632
3,0.009900399947277734
4,0.009461146145379394
5,0.009035213274335405
6,0.008592498548458434
7,0.007789528934006816
8,0.0072741571526035685
9,0.006639641811572092
10,0.006802753646228305
11,0.0064533342779353855
12,0.006240069164502665
13,0.006081835080326844
14,0.005936039128513877
15,0.005644035068985198
16,0.005484916913315671
17,0.005426235277441457
18,0.0052365602844712264
19,0.00510020852365033
20,0.004801908783516937
