epoch,train_loss
1,0.012248006598576637
2,0.010671486592047103
3,0.010437690451954855
4,0.009907259721656106
5,0.009435223786353959
6,0.009014711595110355
7,0.008087189456174237
8,0.007354840398248699
9,0.006996305759889358
10,0.006641307652437238
11,0.0064192842578642256
12,0.005907189996585944
13,0.0060267780705498646
14,0.0057351912769045025
15,0.005658769112006898
16,0.0057222727322316725
17,0.005326121732739458
18,0.00505181028604454
19,0.005314498677295649
20,0.004928933368414961
