epoch,train_loss
1,0.007897628543998286
2,0.007282215557108923
3,0.007048035993059182
4,0.006582256573004947
5,0.0065815096751318455
6,0.006385493179849065
7,0.005924945526746789
8,0.005932995109970733
9,0.005741100508757912
10,0.005518950546370605
11,0.00506373342687313
12,0.005019866409015968
13,0.004940533094074122
14,0.005052301817665996
15,0.004686413675826999
16,0.004518660710340827
17,0.004273202457702044
18,0.004284821247614011
19,0.004040480127022894
20,0.0036110076320568945
