epoch,train_loss
1,0.009089884826225832
2,0.008396134961156114
3,0.0078035514307705734
4,0.007525303358325608
5,0.007286387572472241
6,0.006620076572435731
7,0.006364976074613337
8,0.006106425588783611
9,0.0065054649392002695
10,0.005910482409486955
11,0.005717283491325635
12,0.005756217526692537
13,0.006324518514683597
14,0.00600705352214609
15,0.005921450873843551
16,0.005358834614089313
17,0.005153184891661703
18,0.005221639728794495
19,0.004972946707252747
20,0.004814005819045835
