epoch,train_loss
1,0.00955574274994433
2,0.008272415849523733
3,0.008370091167936189
4,0.007860337582326704
5,0.007515701524058764
6,0.00726494253262557
7,0.006983278976506337
8,0.006574867226810973
9,0.006159839142234095
10,0.005759719062236048
11,0.005584509094582878
12,0.005713807625402313
13,0.005651630208189983
14,0.005960473548420655
15,0.005388984112669864
16,0.004973537454174624
17,0.004471328505231435
18,0.003921110132261844
19,0.0038447825413357507
20,0.003780089535226371
