epoch,train_loss
1,0.008073069728930038
2,0.007257386966116786
3,0.00707676867500984
4,0.006777680726422416
5,0.006990074151394169
6,0.0064554626075391626
7,0.006063427241941746
8,0.005811015407351974
9,0.005569269487734124
10,0.005363993627574622
11,0.005264086730060345
12,0.0051298768513388885
13,0.004748821766683863
14,0.004545036623702558
15,0.004642021130269208
16,0.004250768796692654
17,0.003830347264327848
18,0.0036640282154312633
19,0.003538104341532122
20,0.0032974965116402033
